Workbook

Sheet Sales_Record
A1: EASY CRM | C1: SALES RECORD & COMMISSION SYSTEM 2026 | L1: ปีงบประมาณ 2026
C2: ระบบบันทึกการขายและคำนวณค่าคอมมิชชั่น · EasyCRM (บริษัท อีซี่สลิป จำกัด) | L2: อัปเดตอัตโนมัติจากตารางด้านล่าง
A4: รายได้ & ค่าคอม รายไตรมาส (THB) | G4: สรุปรายได้ (THB) | L4: สรุปค่าคอมรายคน (THB)
A5: ทั้งปี | B5: Q1 | C5: Q2 | D5: Q3 | E5: Q4 | G5: ยอดเต็ม | H5: ส่วนลด | I5: สุทธิ | L5: รวม | M5: ='ทีมขาย'!A6 | N5: ='ทีมขาย'!A7 | O5: ='ทีมขาย'!A8
A6: =SUM(J13:J52) | B6: =SUMIF(C13:C52,"Q1",J13:J52) | C6: =SUMIF(C13:C52,"Q2",J13:J52) | D6: =SUMIF(C13:C52,"Q3",J13:J52) | E6: =SUMIF(C13:C52,"Q4",J13:J52) | G6: =SUM(H13:H52) | H6: =SUM(H13:H52)-SUM(J13:J52) | I6: =SUM(J13:J52) | L6: =SUM(N13:N52) | M6: ='ทีมขาย'!F6 | N6: ='ทีมขาย'!F7 | O6: ='ทีมขาย'!F8
A7: ค่าคอม รวมทั้งปี | B7: =SUMIF(C13:C52,"Q1",N13:N52) | C7: =SUMIF(C13:C52,"Q2",N13:N52) | D7: =SUMIF(C13:C52,"Q3",N13:N52) | E7: =SUMIF(C13:C52,"Q4",N13:N52) | G7: จำนวนดีลทั้งหมด | L7: จ่ายแล้ว | N7: ค้างจ่าย
A8: =SUM(N13:N52) | G8: =COUNTA(B13:B52) | L8: =SUMIF(O13:O52,"จ่ายแล้ว",N13:N52) | N8: =SUM(N13:N52)-SUMIF(O13:O52,"จ่ายแล้ว",N13:N52)
A11: บันทึก | D11: ลูกค้า | E11: ธุรกรรม | G11: บริการ | H11: รายได้ (THB) | K11: ค่าคอมมิชชั่น | O11: สถานะ
A12: No | B12: วันที่ | C12: ไตรมาส | D12: ชื่อลูกค้า | E12: ประเภท | F12: การชำระเงิน | G12: แพ็กเกจ | H12: ราคาเต็ม | I12: ส่วนลด % | J12: รายได้สุทธิ | K12: จ่ายแบบ | L12: Sales | M12: Rate % | N12: ค่าคอม (THB) | O12: สถานะจ่าย
A13: =IF(B13="","",ROW()-12) | C13: =IF(B13="","","Q"&ROUNDUP(MONTH(B13)/3,0)) | H13: =IF(G13="","",IFERROR(VLOOKUP(G13,Rate!$A$4:$B$7,2,FALSE),"")) | J13: =IF(H13="","",H13*(1-IF(I13="",0,I13))) | M13: =IF(G13="","",IFERROR(IF(E13="ต่ออายุ",VLOOKUP(G13,Rate!$A$4:$E$7,5,FALSE),VLOOKUP(G13,Rate!$A$4:$C$7,3,FALSE)),"")) | N13: =IF(OR(J13="",M13=""),"",J13*M13)
A14: =IF(B14="","",ROW()-12) | C14: =IF(B14="","","Q"&ROUNDUP(MONTH(B14)/3,0)) | H14: =IF(G14="","",IFERROR(VLOOKUP(G14,Rate!$A$4:$B$7,2,FALSE),"")) | J14: =IF(H14="","",H14*(1-IF(I14="",0,I14))) | M14: =IF(G14="","",IFERROR(IF(E14="ต่ออายุ",VLOOKUP(G14,Rate!$A$4:$E$7,5,FALSE),VLOOKUP(G14,Rate!$A$4:$C$7,3,FALSE)),"")) | N14: =IF(OR(J14="",M14=""),"",J14*M14)
A15: =IF(B15="","",ROW()-12) | C15: =IF(B15="","","Q"&ROUNDUP(MONTH(B15)/3,0)) | H15: =IF(G15="","",IFERROR(VLOOKUP(G15,Rate!$A$4:$B$7,2,FALSE),"")) | J15: =IF(H15="","",H15*(1-IF(I15="",0,I15))) | M15: =IF(G15="","",IFERROR(IF(E15="ต่ออายุ",VLOOKUP(G15,Rate!$A$4:$E$7,5,FALSE),VLOOKUP(G15,Rate!$A$4:$C$7,3,FALSE)),"")) | N15: =IF(OR(J15="",M15=""),"",J15*M15)
A16: =IF(B16="","",ROW()-12) | C16: =IF(B16="","","Q"&ROUNDUP(MONTH(B16)/3,0)) | H16: =IF(G16="","",IFERROR(VLOOKUP(G16,Rate!$A$4:$B$7,2,FALSE),"")) | J16: =IF(H16="","",H16*(1-IF(I16="",0,I16))) | M16: =IF(G16="","",IFERROR(IF(E16="ต่ออายุ",VLOOKUP(G16,Rate!$A$4:$E$7,5,FALSE),VLOOKUP(G16,Rate!$A$4:$C$7,3,FALSE)),"")) | N16: =IF(OR(J16="",M16=""),"",J16*M16)
A17: =IF(B17="","",ROW()-12) | C17: =IF(B17="","","Q"&ROUNDUP(MONTH(B17)/3,0)) | H17: =IF(G17="","",IFERROR(VLOOKUP(G17,Rate!$A$4:$B$7,2,FALSE),"")) | J17: =IF(H17="","",H17*(1-IF(I17="",0,I17))) | M17: =IF(G17="","",IFERROR(IF(E17="ต่ออายุ",VLOOKUP(G17,Rate!$A$4:$E$7,5,FALSE),VLOOKUP(G17,Rate!$A$4:$C$7,3,FALSE)),"")) | N17: =IF(OR(J17="",M17=""),"",J17*M17)
A18: =IF(B18="","",ROW()-12) | C18: =IF(B18="","","Q"&ROUNDUP(MONTH(B18)/3,0)) | H18: =IF(G18="","",IFERROR(VLOOKUP(G18,Rate!$A$4:$B$7,2,FALSE),"")) | J18: =IF(H18="","",H18*(1-IF(I18="",0,I18))) | M18: =IF(G18="","",IFERROR(IF(E18="ต่ออายุ",VLOOKUP(G18,Rate!$A$4:$E$7,5,FALSE),VLOOKUP(G18,Rate!$A$4:$C$7,3,FALSE)),"")) | N18: =IF(OR(J18="",M18=""),"",J18*M18)
A19: =IF(B19="","",ROW()-12) | C19: =IF(B19="","","Q"&ROUNDUP(MONTH(B19)/3,0)) | H19: =IF(G19="","",IFERROR(VLOOKUP(G19,Rate!$A$4:$B$7,2,FALSE),"")) | J19: =IF(H19="","",H19*(1-IF(I19="",0,I19))) | M19: =IF(G19="","",IFERROR(IF(E19="ต่ออายุ",VLOOKUP(G19,Rate!$A$4:$E$7,5,FALSE),VLOOKUP(G19,Rate!$A$4:$C$7,3,FALSE)),"")) | N19: =IF(OR(J19="",M19=""),"",J19*M19)
A20: =IF(B20="","",ROW()-12) | C20: =IF(B20="","","Q"&ROUNDUP(MONTH(B20)/3,0)) | H20: =IF(G20="","",IFERROR(VLOOKUP(G20,Rate!$A$4:$B$7,2,FALSE),"")) | J20: =IF(H20="","",H20*(1-IF(I20="",0,I20))) | M20: =IF(G20="","",IFERROR(IF(E20="ต่ออายุ",VLOOKUP(G20,Rate!$A$4:$E$7,5,FALSE),VLOOKUP(G20,Rate!$A$4:$C$7,3,FALSE)),"")) | N20: =IF(OR(J20="",M20=""),"",J20*M20)
A21: =IF(B21="","",ROW()-12) | C21: =IF(B21="","","Q"&ROUNDUP(MONTH(B21)/3,0)) | H21: =IF(G21="","",IFERROR(VLOOKUP(G21,Rate!$A$4:$B$7,2,FALSE),"")) | J21: =IF(H21="","",H21*(1-IF(I21="",0,I21))) | M21: =IF(G21="","",IFERROR(IF(E21="ต่ออายุ",VLOOKUP(G21,Rate!$A$4:$E$7,5,FALSE),VLOOKUP(G21,Rate!$A$4:$C$7,3,FALSE)),"")) | N21: =IF(OR(J21="",M21=""),"",J21*M21)
A22: =IF(B22="","",ROW()-12) | C22: =IF(B22="","","Q"&ROUNDUP(MONTH(B22)/3,0)) | H22: =IF(G22="","",IFERROR(VLOOKUP(G22,Rate!$A$4:$B$7,2,FALSE),"")) | J22: =IF(H22="","",H22*(1-IF(I22="",0,I22))) | M22: =IF(G22="","",IFERROR(IF(E22="ต่ออายุ",VLOOKUP(G22,Rate!$A$4:$E$7,5,FALSE),VLOOKUP(G22,Rate!$A$4:$C$7,3,FALSE)),"")) | N22: =IF(OR(J22="",M22=""),"",J22*M22)
A23: =IF(B23="","",ROW()-12) | C23: =IF(B23="","","Q"&ROUNDUP(MONTH(B23)/3,0)) | H23: =IF(G23="","",IFERROR(VLOOKUP(G23,Rate!$A$4:$B$7,2,FALSE),"")) | J23: =IF(H23="","",H23*(1-IF(I23="",0,I23))) | M23: =IF(G23="","",IFERROR(IF(E23="ต่ออายุ",VLOOKUP(G23,Rate!$A$4:$E$7,5,FALSE),VLOOKUP(G23,Rate!$A$4:$C$7,3,FALSE)),"")) | N23: =IF(OR(J23="",M23=""),"",J23*M23)
A24: =IF(B24="","",ROW()-12) | C24: =IF(B24="","","Q"&ROUNDUP(MONTH(B24)/3,0)) | H24: =IF(G24="","",IFERROR(VLOOKUP(G24,Rate!$A$4:$B$7,2,FALSE),"")) | J24: =IF(H24="","",H24*(1-IF(I24="",0,I24))) | M24: =IF(G24="","",IFERROR(IF(E24="ต่ออายุ",VLOOKUP(G24,Rate!$A$4:$E$7,5,FALSE),VLOOKUP(G24,Rate!$A$4:$C$7,3,FALSE)),"")) | N24: =IF(OR(J24="",M24=""),"",J24*M24)
... A52: =IF(B52="","",ROW()-12) | C52: =IF(B52="","","Q"&ROUNDUP(MONTH(B52)/3,0)) | H52: =IF(G52="","",IFERROR(VLOOKUP(G52,Rate!$A$4:$B$7,2,FALSE),"")) | J52: =IF(H52="","",H52*(1-IF(I52="",0,I52))) | M52: =IF(G52="","",IFERROR(IF(E52="ต่ออายุ",VLOOKUP(G52,Rate!$A$4:$E$7,5,FALSE),VLOOKUP(G52,Rate!$A$4:$C$7,3,FALSE)),"")) | N52: =IF(OR(J52="",M52=""),"",J52*M52)
G53: รวม | H53: =SUM(H13:H52) | J53: =SUM(J13:J52) | N53: =SUM(M13:M52)
A55: หมายเหตุ / วิธีใช้ — แท็บนี้ใช้บันทึกดีลขายจริง
A56: • กรอกช่อง: วันที่ · ชื่อลูกค้า · ประเภท (ใหม่/ต่ออายุ) · การชำระเงิน · แพ็กเกจ · ส่วนลด% · จ่ายแบบ · Sales · สถานะจ่าย
A57: • ช่องที่เหลือคำนวณอัตโนมัติ: No · ไตรมาส · ราคาเต็ม · รายได้สุทธิ · Rate% · ค่าคอม
A58: • จ่ายแบบ 'รายคน' → ใส่ชื่อในช่อง Sales (คนนั้นจะได้รับค่าคอมเต็มตามเรตแพ็กเกจ)
A59: • จ่ายแบบ 'ทีม' → เว้นช่อง Sales ว่าง (ค่าคอมจะถูกแบ่งตาม %แบ่งทีม รวม 100%)
A60: • Enterprise: พิมพ์ราคาจริงทับช่อง 'ราคาเต็ม' ได้เลย
A61: • ช่องที่คำนวณถูกล็อกเพื่อป้องกันการแก้ไขผิดพลาด · ราคาเต็ม (Enterprise) สามารถพิมพ์ทับได้ · ปลดล็อก: Review ▸ Unprotect Sheet (ไม่มีรหัส)

Sheet ทีมขาย
A1: EASY CRM | C1: TEAM & COMMISSION SPLIT
C2: ทีมขาย · ตั้งรายชื่อ + % แบ่งทีม (ใช้เฉพาะดีลแบบทีม)
A3: เพิ่ม/แก้รายชื่อได้เลย · 'รายคน' จะได้รับค่าคอมเต็มตามเรตแพ็กเกจ (แท็บ Rate) · 'ทีม' จะหารค่าคอมตาม % แบ่งทีม (ควรรวม = 100%) · เลือกจ่ายแบบไหนต่อดีลในแท็บ Sales_Record
A5: ชื่อ Sales | B5: ตำแหน่ง | C5: % แบ่งทีม (รวม=100%) | D5: ดีลปิดเอง | E5: รายได้ (THB) | F5: ค่าคอมรวม (THB) | G5: จ่ายแล้ว (THB) | H5: ค้างจ่าย (THB)
A6: MIZTEEN | B6: Sales Executive | C6: 0.5 | D6: =IF($A6="","",COUNTIFS(Sales_Record!$L$13:$L$52,$A6,Sales_Record!$K$13:$K$52,"รายคน")) | E6: =IF($A6="","",SUMIFS(Sales_Record!$J$13:$J$52,Sales_Record!$L$13:$L$52,$A6,Sales_Record!$K$13:$K$52,"รายคน")+$C6*SUMIF(Sales_Record!$K$13:$K$52,"ทีม",Sales_Record!$J$13:$J$52)) | F6: =IF($A6="","",SUMIFS(Sales_Record!$N$13:$N$52,Sales_Record!$L$13:$L$52,$A6,Sales_Record!$K$13:$K$52,"รายคน")+$C6*SUMIF(Sales_Record!$K$13:$K$52,"ทีม",Sales_Record!$N$13:$N$52)) | G6: =IF($A6="","",SUMIFS(Sales_Record!$N$13:$N$52,Sales_Record!$L$13:$L$52,$A6,Sales_Record!$K$13:$K$52,"รายคน",Sales_Record!$O$13:$O$52,"จ่ายแล้ว")+$C6*SUMIFS(Sales_Record!$N$13:$N$52,Sales_Record!$K$13:$K$52,"ทีม",Sales_Record!$O$13:$O$52,"จ่ายแล้ว")) | H6: =IF($A6="","",F6-G6)
A7: OLIVE | B7: Sales Executive | C7: 0.3 | D7: =IF($A7="","",COUNTIFS(Sales_Record!$L$13:$L$52,$A7,Sales_Record!$K$13:$K$52,"รายคน")) | E7: =IF($A7="","",SUMIFS(Sales_Record!$J$13:$J$52,Sales_Record!$L$13:$L$52,$A7,Sales_Record!$K$13:$K$52,"รายคน")+$C7*SUMIF(Sales_Record!$K$13:$K$52,"ทีม",Sales_Record!$J$13:$J$52)) | F7: =IF($A7="","",SUMIFS(Sales_Record!$N$13:$N$52,Sales_Record!$L$13:$L$52,$A7,Sales_Record!$K$13:$K$52,"รายคน")+$C7*SUMIF(Sales_Record!$K$13:$K$52,"ทีม",Sales_Record!$N$13:$N$52)) | G7: =IF($A7="","",SUMIFS(Sales_Record!$N$13:$N$52,Sales_Record!$L$13:$L$52,$A7,Sales_Record!$K$13:$K$52,"รายคน",Sales_Record!$O$13:$O$52,"จ่ายแล้ว")+$C7*SUMIFS(Sales_Record!$N$13:$N$52,Sales_Record!$K$13:$K$52,"ทีม",Sales_Record!$O$13:$O$52,"จ่ายแล้ว")) | H7: =IF($A7="","",F7-G7)
A8: SUPPORT | B8: Support / Sales | C8: 0.2 | D8: =IF($A8="","",COUNTIFS(Sales_Record!$L$13:$L$52,$A8,Sales_Record!$K$13:$K$52,"รายคน")) | E8: =IF($A8="","",SUMIFS(Sales_Record!$J$13:$J$52,Sales_Record!$L$13:$L$52,$A8,Sales_Record!$K$13:$K$52,"รายคน")+$C8*SUMIF(Sales_Record!$K$13:$K$52,"ทีม",Sales_Record!$J$13:$J$52)) | F8: =IF($A8="","",SUMIFS(Sales_Record!$N$13:$N$52,Sales_Record!$L$13:$L$52,$A8,Sales_Record!$K$13:$K$52,"รายคน")+$C8*SUMIF(Sales_Record!$K$13:$K$52,"ทีม",Sales_Record!$N$13:$N$52)) | G8: =IF($A8="","",SUMIFS(Sales_Record!$N$13:$N$52,Sales_Record!$L$13:$L$52,$A8,Sales_Record!$K$13:$K$52,"รายคน",Sales_Record!$O$13:$O$52,"จ่ายแล้ว")+$C8*SUMIFS(Sales_Record!$N$13:$N$52,Sales_Record!$K$13:$K$52,"ทีม",Sales_Record!$O$13:$O$52,"จ่ายแล้ว")) | H8: =IF($A8="","",F8-G8)
D9: =IF($A9="","",COUNTIFS(Sales_Record!$L$13:$L$52,$A9,Sales_Record!$K$13:$K$52,"รายคน")) | E9: =IF($A9="","",SUMIFS(Sales_Record!$J$13:$J$52,Sales_Record!$L$13:$L$52,$A9,Sales_Record!$K$13:$K$52,"รายคน")+$C9*SUMIF(Sales_Record!$K$13:$K$52,"ทีม",Sales_Record!$J$13:$J$52)) | F9: =IF($A9="","",SUMIFS(Sales_Record!$N$13:$N$52,Sales_Record!$L$13:$L$52,$A9,Sales_Record!$K$13:$K$52,"รายคน")+$C9*SUMIF(Sales_Record!$K$13:$K$52,"ทีม",Sales_Record!$N$13:$N$52)) | G9: =IF($A9="","",SUMIFS(Sales_Record!$N$13:$N$52,Sales_Record!$L$13:$L$52,$A9,Sales_Record!$K$13:$K$52,"รายคน",Sales_Record!$O$13:$O$52,"จ่ายแล้ว")+$C9*SUMIFS(Sales_Record!$N$13:$N$52,Sales_Record!$K$13:$K$52,"ทีม",Sales_Record!$O$13:$O$52,"จ่ายแล้ว")) | H9: =IF($A9="","",F9-G9)
D10: =IF($A10="","",COUNTIFS(Sales_Record!$L$13:$L$52,$A10,Sales_Record!$K$13:$K$52,"รายคน")) | E10: =IF($A10="","",SUMIFS(Sales_Record!$J$13:$J$52,Sales_Record!$L$13:$L$52,$A10,Sales_Record!$K$13:$K$52,"รายคน")+$C10*SUMIF(Sales_Record!$K$13:$K$52,"ทีม",Sales_Record!$J$13:$J$52)) | F10: =IF($A10="","",SUMIFS(Sales_Record!$N$13:$N$52,Sales_Record!$L$13:$L$52,$A10,Sales_Record!$K$13:$K$52,"รายคน")+$C10*SUMIF(Sales_Record!$K$13:$K$52,"ทีม",Sales_Record!$N$13:$N$52)) | G10: =IF($A10="","",SUMIFS(Sales_Record!$N$13:$N$52,Sales_Record!$L$13:$L$52,$A10,Sales_Record!$K$13:$K$52,"รายคน",Sales_Record!$O$13:$O$52,"จ่ายแล้ว")+$C10*SUMIFS(Sales_Record!$N$13:$N$52,Sales_Record!$K$13:$K$52,"ทีม",Sales_Record!$O$13:$O$52,"จ่ายแล้ว")) | H10: =IF($A10="","",F10-G10)
D11: =IF($A11="","",COUNTIFS(Sales_Record!$L$13:$L$52,$A11,Sales_Record!$K$13:$K$52,"รายคน")) | E11: =IF($A11="","",SUMIFS(Sales_Record!$J$13:$J$52,Sales_Record!$L$13:$L$52,$A11,Sales_Record!$K$13:$K$52,"รายคน")+$C11*SUMIF(Sales_Record!$K$13:$K$52,"ทีม",Sales_Record!$J$13:$J$52)) | F11: =IF($A11="","",SUMIFS(Sales_Record!$N$13:$N$52,Sales_Record!$L$13:$L$52,$A11,Sales_Record!$K$13:$K$52,"รายคน")+$C11*SUMIF(Sales_Record!$K$13:$K$52,"ทีม",Sales_Record!$N$13:$N$52)) | G11: =IF($A11="","",SUMIFS(Sales_Record!$N$13:$N$52,Sales_Record!$L$13:$L$52,$A11,Sales_Record!$K$13:$K$52,"รายคน",Sales_Record!$O$13:$O$52,"จ่ายแล้ว")+$C11*SUMIFS(Sales_Record!$N$13:$N$52,Sales_Record!$K$13:$K$52,"ทีม",Sales_Record!$O$13:$O$52,"จ่ายแล้ว")) | H11: =IF($A11="","",F11-G11)
D12: =IF($A12="","",COUNTIFS(Sales_Record!$L$13:$L$52,$A12,Sales_Record!$K$13:$K$52,"รายคน")) | E12: =IF($A12="","",SUMIFS(Sales_Record!$J$13:$J$52,Sales_Record!$L$13:$L$52,$A12,Sales_Record!$K$13:$K$52,"รายคน")+$C12*SUMIF(Sales_Record!$K$13:$K$52,"ทีม",Sales_Record!$J$13:$J$52)) | F12: =IF($A12="","",SUMIFS(Sales_Record!$N$13:$N$52,Sales_Record!$L$13:$L$52,$A12,Sales_Record!$K$13:$K$52,"รายคน")+$C12*SUMIF(Sales_Record!$K$13:$K$52,"ทีม",Sales_Record!$N$13:$N$52)) | G12: =IF($A12="","",SUMIFS(Sales_Record!$N$13:$N$52,Sales_Record!$L$13:$L$52,$A12,Sales_Record!$K$13:$K$52,"รายคน",Sales_Record!$O$13:$O$52,"จ่ายแล้ว")+$C12*SUMIFS(Sales_Record!$N$13:$N$52,Sales_Record!$K$13:$K$52,"ทีม",Sales_Record!$O$13:$O$52,"จ่ายแล้ว")) | H12: =IF($A12="","",F12-G12)
D13: =IF($A13="","",COUNTIFS(Sales_Record!$L$13:$L$52,$A13,Sales_Record!$K$13:$K$52,"รายคน")) | E13: =IF($A13="","",SUMIFS(Sales_Record!$J$13:$J$52,Sales_Record!$L$13:$L$52,$A13,Sales_Record!$K$13:$K$52,"รายคน")+$C13*SUMIF(Sales_Record!$K$13:$K$52,"ทีม",Sales_Record!$J$13:$J$52)) | F13: =IF($A13="","",SUMIFS(Sales_Record!$N$13:$N$52,Sales_Record!$L$13:$L$52,$A13,Sales_Record!$K$13:$K$52,"รายคน")+$C13*SUMIF(Sales_Record!$K$13:$K$52,"ทีม",Sales_Record!$N$13:$N$52)) | G13: =IF($A13="","",SUMIFS(Sales_Record!$N$13:$N$52,Sales_Record!$L$13:$L$52,$A13,Sales_Record!$K$13:$K$52,"รายคน",Sales_Record!$O$13:$O$52,"จ่ายแล้ว")+$C13*SUMIFS(Sales_Record!$N$13:$N$52,Sales_Record!$K$13:$K$52,"ทีม",Sales_Record!$O$13:$O$52,"จ่ายแล้ว")) | H13: =IF($A13="","",F13-G13)
D14: =IF($A14="","",COUNTIFS(Sales_Record!$L$13:$L$52,$A14,Sales_Record!$K$13:$K$52,"รายคน")) | E14: =IF($A14="","",SUMIFS(Sales_Record!$J$13:$J$52,Sales_Record!$L$13:$L$52,$A14,Sales_Record!$K$13:$K$52,"รายคน")+$C14*SUMIF(Sales_Record!$K$13:$K$52,"ทีม",Sales_Record!$J$13:$J$52)) | F14: =IF($A14="","",SUMIFS(Sales_Record!$N$13:$N$52,Sales_Record!$L$13:$L$52,$A14,Sales_Record!$K$13:$K$52,"รายคน")+$C14*SUMIF(Sales_Record!$K$13:$K$52,"ทีม",Sales_Record!$N$13:$N$52)) | G14: =IF($A14="","",SUMIFS(Sales_Record!$N$13:$N$52,Sales_Record!$L$13:$L$52,$A14,Sales_Record!$K$13:$K$52,"รายคน",Sales_Record!$O$13:$O$52,"จ่ายแล้ว")+$C14*SUMIFS(Sales_Record!$N$13:$N$52,Sales_Record!$K$13:$K$52,"ทีม",Sales_Record!$O$13:$O$52,"จ่ายแล้ว")) | H14: =IF($A14="","",F14-G14)
D15: =IF($A15="","",COUNTIFS(Sales_Record!$L$13:$L$52,$A15,Sales_Record!$K$13:$K$52,"รายคน")) | E15: =IF($A15="","",SUMIFS(Sales_Record!$J$13:$J$52,Sales_Record!$L$13:$L$52,$A15,Sales_Record!$K$13:$K$52,"รายคน")+$C15*SUMIF(Sales_Record!$K$13:$K$52,"ทีม",Sales_Record!$J$13:$J$52)) | F15: =IF($A15="","",SUMIFS(Sales_Record!$N$13:$N$52,Sales_Record!$L$13:$L$52,$A15,Sales_Record!$K$13:$K$52,"รายคน")+$C15*SUMIF(Sales_Record!$K$13:$K$52,"ทีม",Sales_Record!$N$13:$N$52)) | G15: =IF($A15="","",SUMIFS(Sales_Record!$N$13:$N$52,Sales_Record!$L$13:$L$52,$A15,Sales_Record!$K$13:$K$52,"รายคน",Sales_Record!$O$13:$O$52,"จ่ายแล้ว")+$C15*SUMIFS(Sales_Record!$N$13:$N$52,Sales_Record!$K$13:$K$52,"ทีม",Sales_Record!$O$13:$O$52,"จ่ายแล้ว")) | H15: =IF($A15="","",F15-G15)
D16: =IF($A16="","",COUNTIFS(Sales_Record!$L$13:$L$52,$A16,Sales_Record!$K$13:$K$52,"รายคน")) | E16: =IF($A16="","",SUMIFS(Sales_Record!$J$13:$J$52,Sales_Record!$L$13:$L$52,$A16,Sales_Record!$K$13:$K$52,"รายคน")+$C16*SUMIF(Sales_Record!$K$13:$K$52,"ทีม",Sales_Record!$J$13:$J$52)) | F16: =IF($A16="","",SUMIFS(Sales_Record!$N$13:$N$52,Sales_Record!$L$13:$L$52,$A16,Sales_Record!$K$13:$K$52,"รายคน")+$C16*SUMIF(Sales_Record!$K$13:$K$52,"ทีม",Sales_Record!$N$13:$N$52)) | G16: =IF($A16="","",SUMIFS(Sales_Record!$N$13:$N$52,Sales_Record!$L$13:$L$52,$A16,Sales_Record!$K$13:$K$52,"รายคน",Sales_Record!$O$13:$O$52,"จ่ายแล้ว")+$C16*SUMIFS(Sales_Record!$N$13:$N$52,Sales_Record!$K$13:$K$52,"ทีม",Sales_Record!$O$13:$O$52,"จ่ายแล้ว")) | H16: =IF($A16="","",F16-G16)
D17: =IF($A17="","",COUNTIFS(Sales_Record!$L$13:$L$52,$A17,Sales_Record!$K$13:$K$52,"รายคน")) | E17: =IF($A17="","",SUMIFS(Sales_Record!$J$13:$J$52,Sales_Record!$L$13:$L$52,$A17,Sales_Record!$K$13:$K$52,"รายคน")+$C17*SUMIF(Sales_Record!$K$13:$K$52,"ทีม",Sales_Record!$J$13:$J$52)) | F17: =IF($A17="","",SUMIFS(Sales_Record!$N$13:$N$52,Sales_Record!$L$13:$L$52,$A17,Sales_Record!$K$13:$K$52,"รายคน")+$C17*SUMIF(Sales_Record!$K$13:$K$52,"ทีม",Sales_Record!$N$13:$N$52)) | G17: =IF($A17="","",SUMIFS(Sales_Record!$N$13:$N$52,Sales_Record!$L$13:$L$52,$A17,Sales_Record!$K$13:$K$52,"รายคน",Sales_Record!$O$13:$O$52,"จ่ายแล้ว")+$C17*SUMIFS(Sales_Record!$N$13:$N$52,Sales_Record!$K$13:$K$52,"ทีม",Sales_Record!$O$13:$O$52,"จ่ายแล้ว")) | H17: =IF($A17="","",F17-G17)
D18: =IF($A18="","",COUNTIFS(Sales_Record!$L$13:$L$52,$A18,Sales_Record!$K$13:$K$52,"รายคน")) | E18: =IF($A18="","",SUMIFS(Sales_Record!$J$13:$J$52,Sales_Record!$L$13:$L$52,$A18,Sales_Record!$K$13:$K$52,"รายคน")+$C18*SUMIF(Sales_Record!$K$13:$K$52,"ทีม",Sales_Record!$J$13:$J$52)) | F18: =IF($A18="","",SUMIFS(Sales_Record!$N$13:$N$52,Sales_Record!$L$13:$L$52,$A18,Sales_Record!$K$13:$K$52,"รายคน")+$C18*SUMIF(Sales_Record!$K$13:$K$52,"ทีม",Sales_Record!$N$13:$N$52)) | G18: =IF($A18="","",SUMIFS(Sales_Record!$N$13:$N$52,Sales_Record!$L$13:$L$52,$A18,Sales_Record!$K$13:$K$52,"รายคน",Sales_Record!$O$13:$O$52,"จ่ายแล้ว")+$C18*SUMIFS(Sales_Record!$N$13:$N$52,Sales_Record!$K$13:$K$52,"ทีม",Sales_Record!$O$13:$O$52,"จ่ายแล้ว")) | H18: =IF($A18="","",F18-G18)
D19: =IF($A19="","",COUNTIFS(Sales_Record!$L$13:$L$52,$A19,Sales_Record!$K$13:$K$52,"รายคน")) | E19: =IF($A19="","",SUMIFS(Sales_Record!$J$13:$J$52,Sales_Record!$L$13:$L$52,$A19,Sales_Record!$K$13:$K$52,"รายคน")+$C19*SUMIF(Sales_Record!$K$13:$K$52,"ทีม",Sales_Record!$J$13:$J$52)) | F19: =IF($A19="","",SUMIFS(Sales_Record!$N$13:$N$52,Sales_Record!$L$13:$L$52,$A19,Sales_Record!$K$13:$K$52,"รายคน")+$C19*SUMIF(Sales_Record!$K$13:$K$52,"ทีม",Sales_Record!$N$13:$N$52)) | G19: =IF($A19="","",SUMIFS(Sales_Record!$N$13:$N$52,Sales_Record!$L$13:$L$52,$A19,Sales_Record!$K$13:$K$52,"รายคน",Sales_Record!$O$13:$O$52,"จ่ายแล้ว")+$C19*SUMIFS(Sales_Record!$N$13:$N$52,Sales_Record!$K$13:$K$52,"ทีม",Sales_Record!$O$13:$O$52,"จ่ายแล้ว")) | H19: =IF($A19="","",F19-G19)
D20: =IF($A20="","",COUNTIFS(Sales_Record!$L$13:$L$52,$A20,Sales_Record!$K$13:$K$52,"รายคน")) | E20: =IF($A20="","",SUMIFS(Sales_Record!$J$13:$J$52,Sales_Record!$L$13:$L$52,$A20,Sales_Record!$K$13:$K$52,"รายคน")+$C20*SUMIF(Sales_Record!$K$13:$K$52,"ทีม",Sales_Record!$J$13:$J$52)) | F20: =IF($A20="","",SUMIFS(Sales_Record!$N$13:$N$52,Sales_Record!$L$13:$L$52,$A20,Sales_Record!$K$13:$K$52,"รายคน")+$C20*SUMIF(Sales_Record!$K$13:$K$52,"ทีม",Sales_Record!$N$13:$N$52)) | G20: =IF($A20="","",SUMIFS(Sales_Record!$N$13:$N$52,Sales_Record!$L$13:$L$52,$A20,Sales_Record!$K$13:$K$52,"รายคน",Sales_Record!$O$13:$O$52,"จ่ายแล้ว")+$C20*SUMIFS(Sales_Record!$N$13:$N$52,Sales_Record!$K$13:$K$52,"ทีม",Sales_Record!$O$13:$O$52,"จ่ายแล้ว")) | H20: =IF($A20="","",F20-G20)
A21: รวมทั้งทีม | C21: =SUM(C6:C20) | D21: =SUM(D6:D20) | E21: =SUM(E6:E20) | F21: =SUM(F6:F20) | G21: =SUM(G6:G20) | H21: =SUM(H6:H20)
A24: หมายเหตุ / วิธีใช้
A25: • กรอก 3 ช่อง: ชื่อ Sales · ตำแหน่ง · %แบ่งทีม (รวมทั้งหมด = 100%)
A26: • ดีลที่ปิดเอง · รายได้ · ค่าคอมรวม · จ่ายแล้ว · ค้างจ่าย → คำนวณจากแท็บ Sales_Record
A27: • %แบ่งทีม ใช้เฉพาะดีลที่เลือกจ่าย 'ทีม' · ไม่ใช้กับดีลรายคน
A28: • ชื่อในนี้คือตัวเลือกดรอปดาวน์ Sales ในแท็บ Sales_Record
A29: • ช่องที่คำนวณถูกล็อก · กรอกได้เฉพาะ ชื่อ/ตำแหน่ง/%แบ่งทีม · ปลดล็อก: Review ▸ Unprotect Sheet

Sheet Rate
A1: EASYCRM — อัตราค่าคอมมิชชั่นตามแพ็กเกจ
A2: ราคาก่อน VAT 7% · ต่ออายุ = ครึ่งของอัตราใหม่ · แก้ตัวเลขที่นี่ที่เดียว ตาราง Sales_Record จะดึงไปคำนวณอัตโนมัติ
A3: แพ็กเกจ | B3: ราคาต่อปี (บาท) | C3: % ค่าคอม (ใหม่) | D3: ค่าคอม/ดีล ใหม่ | E3: % ต่ออายุ | F3: ค่าคอม/ดีล ต่ออายุ
A4: Starter | B4: 15588 | C4: 0.1 | D4: =B4*C4 | E4: 0.05 | F4: =B4*E4
A5: Plus | B5: 23988 | C5: 0.12 | D5: =B5*C5 | E5: 0.06 | F5: =B5*E5
A6: Premium | B6: 35988 | C6: 0.15 | D6: =B6*C6 | E6: 0.075 | F6: =B6*E6
A7: Enterprise | B7: ตามดีลจริง | C7: 0.1 | D7: =B7*C7 | E7: 0.05 | F7: =B7*E7
A9: หมายเหตุ
A10: • Enterprise: ราคาตามสัญญา → กรอกราคาในคอลัมน์ 'ราคาเต็ม' ของแท็บ Sales_Record โดยตรง
A11: • ค่าคอมจ่ายเมื่อลูกค้าชำระครบ + ส่งมอบระบบ (Phase 5)
A12: • ลูกค้ายกเลิก/refund ภายใน 30 วัน → หักค่าคอมคืน
A14: วิธีใช้
A15: • แก้ % ค่าคอมที่นี่ที่เดียว · แท็บ Sales_Record จะดึงไปคำนวณอัตโนมัติ
A16: • ดีลใหม่ใช้ '% ค่าคอม (ใหม่)' · ต่ออายุใช้ '% ต่ออายุ'
A17: • ช่องที่คำนวณ (ค่าคอม/ดีล) ถูกล็อก · แก้ได้เฉพาะราคา/% · ปลดล็อก: Review ▸ Unprotect Sheet

Sheet รายได้
A1: EASY CRM | C1: REVENUE LEDGER 2026
C2: สรุปรายได้รายรายการ · EasyCRM (บริษัท อีซี่สลิป จำกัด)
A3: ดึงข้อมูลอัตโนมัติจากแท็บ Sales_Record · กรอกดีลในแท็บนั้น รายการตรงนี้จะขึ้นเอง และรวมยอดท้ายตาราง
A5: No | B5: วันที่ | C5: ไตรมาส | D5: ชื่อลูกค้า | E5: แพ็กเกจ | F5: ประเภท | G5: ราคาเต็ม (THB) | H5: ส่วนลด % | I5: รายได้สุทธิ (THB) | J5: การชำระเงิน
A6: =IF($B6="","",ROW()-5) | B6: =IF(Sales_Record!B13="","",Sales_Record!B13) | C6: =IF($B6="","",Sales_Record!C13) | D6: =IF($B6="","",Sales_Record!D13) | E6: =IF($B6="","",Sales_Record!G13) | F6: =IF($B6="","",Sales_Record!E13) | G6: =IF($B6="","",Sales_Record!H13) | H6: =IF($B6="","",Sales_Record!I13) | I6: =IF($B6="","",Sales_Record!J13) | J6: =IF($B6="","",Sales_Record!F13)
A7: =IF($B7="","",ROW()-5) | B7: =IF(Sales_Record!B14="","",Sales_Record!B14) | C7: =IF($B7="","",Sales_Record!C14) | D7: =IF($B7="","",Sales_Record!D14) | E7: =IF($B7="","",Sales_Record!G14) | F7: =IF($B7="","",Sales_Record!E14) | G7: =IF($B7="","",Sales_Record!H14) | H7: =IF($B7="","",Sales_Record!I14) | I7: =IF($B7="","",Sales_Record!J14) | J7: =IF($B7="","",Sales_Record!F14)
A8: =IF($B8="","",ROW()-5) | B8: =IF(Sales_Record!B15="","",Sales_Record!B15) | C8: =IF($B8="","",Sales_Record!C15) | D8: =IF($B8="","",Sales_Record!D15) | E8: =IF($B8="","",Sales_Record!G15) | F8: =IF($B8="","",Sales_Record!E15) | G8: =IF($B8="","",Sales_Record!H15) | H8: =IF($B8="","",Sales_Record!I15) | I8: =IF($B8="","",Sales_Record!J15) | J8: =IF($B8="","",Sales_Record!F15)
A9: =IF($B9="","",ROW()-5) | B9: =IF(Sales_Record!B16="","",Sales_Record!B16) | C9: =IF($B9="","",Sales_Record!C16) | D9: =IF($B9="","",Sales_Record!D16) | E9: =IF($B9="","",Sales_Record!G16) | F9: =IF($B9="","",Sales_Record!E16) | G9: =IF($B9="","",Sales_Record!H16) | H9: =IF($B9="","",Sales_Record!I16) | I9: =IF($B9="","",Sales_Record!J16) | J9: =IF($B9="","",Sales_Record!F16)
A10: =IF($B10="","",ROW()-5) | B10: =IF(Sales_Record!B17="","",Sales_Record!B17) | C10: =IF($B10="","",Sales_Record!C17) | D10: =IF($B10="","",Sales_Record!D17) | E10: =IF($B10="","",Sales_Record!G17) | F10: =IF($B10="","",Sales_Record!E17) | G10: =IF($B10="","",Sales_Record!H17) | H10: =IF($B10="","",Sales_Record!I17) | I10: =IF($B10="","",Sales_Record!J17) | J10: =IF($B10="","",Sales_Record!F17)
A11: =IF($B11="","",ROW()-5) | B11: =IF(Sales_Record!B18="","",Sales_Record!B18) | C11: =IF($B11="","",Sales_Record!C18) | D11: =IF($B11="","",Sales_Record!D18) | E11: =IF($B11="","",Sales_Record!G18) | F11: =IF($B11="","",Sales_Record!E18) | G11: =IF($B11="","",Sales_Record!H18) | H11: =IF($B11="","",Sales_Record!I18) | I11: =IF($B11="","",Sales_Record!J18) | J11: =IF($B11="","",Sales_Record!F18)
A12: =IF($B12="","",ROW()-5) | B12: =IF(Sales_Record!B19="","",Sales_Record!B19) | C12: =IF($B12="","",Sales_Record!C19) | D12: =IF($B12="","",Sales_Record!D19) | E12: =IF($B12="","",Sales_Record!G19) | F12: =IF($B12="","",Sales_Record!E19) | G12: =IF($B12="","",Sales_Record!H19) | H12: =IF($B12="","",Sales_Record!I19) | I12: =IF($B12="","",Sales_Record!J19) | J12: =IF($B12="","",Sales_Record!F19)
A13: =IF($B13="","",ROW()-5) | B13: =IF(Sales_Record!B20="","",Sales_Record!B20) | C13: =IF($B13="","",Sales_Record!C20) | D13: =IF($B13="","",Sales_Record!D20) | E13: =IF($B13="","",Sales_Record!G20) | F13: =IF($B13="","",Sales_Record!E20) | G13: =IF($B13="","",Sales_Record!H20) | H13: =IF($B13="","",Sales_Record!I20) | I13: =IF($B13="","",Sales_Record!J20) | J13: =IF($B13="","",Sales_Record!F20)
A14: =IF($B14="","",ROW()-5) | B14: =IF(Sales_Record!B21="","",Sales_Record!B21) | C14: =IF($B14="","",Sales_Record!C21) | D14: =IF($B14="","",Sales_Record!D21) | E14: =IF($B14="","",Sales_Record!G21) | F14: =IF($B14="","",Sales_Record!E21) | G14: =IF($B14="","",Sales_Record!H21) | H14: =IF($B14="","",Sales_Record!I21) | I14: =IF($B14="","",Sales_Record!J21) | J14: =IF($B14="","",Sales_Record!F21)
A15: =IF($B15="","",ROW()-5) | B15: =IF(Sales_Record!B22="","",Sales_Record!B22) | C15: =IF($B15="","",Sales_Record!C22) | D15: =IF($B15="","",Sales_Record!D22) | E15: =IF($B15="","",Sales_Record!G22) | F15: =IF($B15="","",Sales_Record!E22) | G15: =IF($B15="","",Sales_Record!H22) | H15: =IF($B15="","",Sales_Record!I22) | I15: =IF($B15="","",Sales_Record!J22) | J15: =IF($B15="","",Sales_Record!F22)
A16: =IF($B16="","",ROW()-5) | B16: =IF(Sales_Record!B23="","",Sales_Record!B23) | C16: =IF($B16="","",Sales_Record!C23) | D16: =IF($B16="","",Sales_Record!D23) | E16: =IF($B16="","",Sales_Record!G23) | F16: =IF($B16="","",Sales_Record!E23) | G16: =IF($B16="","",Sales_Record!H23) | H16: =IF($B16="","",Sales_Record!I23) | I16: =IF($B16="","",Sales_Record!J23) | J16: =IF($B16="","",Sales_Record!F23)
A17: =IF($B17="","",ROW()-5) | B17: =IF(Sales_Record!B24="","",Sales_Record!B24) | C17: =IF($B17="","",Sales_Record!C24) | D17: =IF($B17="","",Sales_Record!D24) | E17: =IF($B17="","",Sales_Record!G24) | F17: =IF($B17="","",Sales_Record!E24) | G17: =IF($B17="","",Sales_Record!H24) | H17: =IF($B17="","",Sales_Record!I24) | I17: =IF($B17="","",Sales_Record!J24) | J17: =IF($B17="","",Sales_Record!F24)
... A45: =IF($B45="","",ROW()-5) | B45: =IF(Sales_Record!B52="","",Sales_Record!B52) | C45: =IF($B45="","",Sales_Record!C52) | D45: =IF($B45="","",Sales_Record!D52) | E45: =IF($B45="","",Sales_Record!G52) | F45: =IF($B45="","",Sales_Record!E52) | G45: =IF($B45="","",Sales_Record!H52) | H45: =IF($B45="","",Sales_Record!I52) | I45: =IF($B45="","",Sales_Record!J52) | J45: =IF($B45="","",Sales_Record!F52)
A46: รวมรายได้ทั้งหมด | G46: =SUM(G6:G45) | H46: =COUNT(A6:A45) | I46: =SUM(I6:I45)
A49: หมายเหตุ / วิธีใช้
A50: • ดึงข้อมูลทุกดีลจากแท็บ Sales_Record อัตโนมัติ — ไม่ต้องกรอกที่นี่
A51: • รายได้สุทธิ = ราคาเต็ม × (1 − ส่วนลด%)
A52: • แถวล่างสุด = รวมราคาเต็ม · จำนวนดีล · รวมรายได้สุทธิ
A53: • ทั้งแผ่นเป็นช่องคำนวณ ล็อกไว้ทั้งหมด (ไม่ต้องกรอก) · ปลดล็อก: Review ▸ Unprotect Sheet

Sheet REPORT (TH)
B1: EASYCRM — รายงานค่าคอมมิชชั่น 2026
B2: สรุปรายคน · คำนวณอัตโนมัติจากแท็บ Sales_Record
B4: พนักงานขาย | C4: จำนวนดีล | D4: รายได้ (บาท) | E4: ค่าคอม (บาท) | F4: จ่ายแล้ว (บาท) | G4: ค้างจ่าย (บาท)
B5: =IF('ทีมขาย'!A6="","",'ทีมขาย'!A6) | C5: =IF($B5="","",'ทีมขาย'!D6) | D5: =IF($B5="","",'ทีมขาย'!E6) | E5: =IF($B5="","",'ทีมขาย'!F6) | F5: =IF($B5="","",'ทีมขาย'!G6) | G5: =IF($B5="","",'ทีมขาย'!H6)
B6: =IF('ทีมขาย'!A7="","",'ทีมขาย'!A7) | C6: =IF($B6="","",'ทีมขาย'!D7) | D6: =IF($B6="","",'ทีมขาย'!E7) | E6: =IF($B6="","",'ทีมขาย'!F7) | F6: =IF($B6="","",'ทีมขาย'!G7) | G6: =IF($B6="","",'ทีมขาย'!H7)
B7: =IF('ทีมขาย'!A8="","",'ทีมขาย'!A8) | C7: =IF($B7="","",'ทีมขาย'!D8) | D7: =IF($B7="","",'ทีมขาย'!E8) | E7: =IF($B7="","",'ทีมขาย'!F8) | F7: =IF($B7="","",'ทีมขาย'!G8) | G7: =IF($B7="","",'ทีมขาย'!H8)
B8: =IF('ทีมขาย'!A9="","",'ทีมขาย'!A9) | C8: =IF($B8="","",'ทีมขาย'!D9) | D8: =IF($B8="","",'ทีมขาย'!E9) | E8: =IF($B8="","",'ทีมขาย'!F9) | F8: =IF($B8="","",'ทีมขาย'!G9) | G8: =IF($B8="","",'ทีมขาย'!H9)
B9: =IF('ทีมขาย'!A10="","",'ทีมขาย'!A10) | C9: =IF($B9="","",'ทีมขาย'!D10) | D9: =IF($B9="","",'ทีมขาย'!E10) | E9: =IF($B9="","",'ทีมขาย'!F10) | F9: =IF($B9="","",'ทีมขาย'!G10) | G9: =IF($B9="","",'ทีมขาย'!H10)
B10: =IF('ทีมขาย'!A11="","",'ทีมขาย'!A11) | C10: =IF($B10="","",'ทีมขาย'!D11) | D10: =IF($B10="","",'ทีมขาย'!E11) | E10: =IF($B10="","",'ทีมขาย'!F11) | F10: =IF($B10="","",'ทีมขาย'!G11) | G10: =IF($B10="","",'ทีมขาย'!H11)
B11: =IF('ทีมขาย'!A12="","",'ทีมขาย'!A12) | C11: =IF($B11="","",'ทีมขาย'!D12) | D11: =IF($B11="","",'ทีมขาย'!E12) | E11: =IF($B11="","",'ทีมขาย'!F12) | F11: =IF($B11="","",'ทีมขาย'!G12) | G11: =IF($B11="","",'ทีมขาย'!H12)
B12: =IF('ทีมขาย'!A13="","",'ทีมขาย'!A13) | C12: =IF($B12="","",'ทีมขาย'!D13) | D12: =IF($B12="","",'ทีมขาย'!E13) | E12: =IF($B12="","",'ทีมขาย'!F13) | F12: =IF($B12="","",'ทีมขาย'!G13) | G12: =IF($B12="","",'ทีมขาย'!H13)
B13: =IF('ทีมขาย'!A14="","",'ทีมขาย'!A14) | C13: =IF($B13="","",'ทีมขาย'!D14) | D13: =IF($B13="","",'ทีมขาย'!E14) | E13: =IF($B13="","",'ทีมขาย'!F14) | F13: =IF($B13="","",'ทีมขาย'!G14) | G13: =IF($B13="","",'ทีมขาย'!H14)
B14: =IF('ทีมขาย'!A15="","",'ทีมขาย'!A15) | C14: =IF($B14="","",'ทีมขาย'!D15) | D14: =IF($B14="","",'ทีมขาย'!E15) | E14: =IF($B14="","",'ทีมขาย'!F15) | F14: =IF($B14="","",'ทีมขาย'!G15) | G14: =IF($B14="","",'ทีมขาย'!H15)
B15: =IF('ทีมขาย'!A16="","",'ทีมขาย'!A16) | C15: =IF($B15="","",'ทีมขาย'!D16) | D15: =IF($B15="","",'ทีมขาย'!E16) | E15: =IF($B15="","",'ทีมขาย'!F16) | F15: =IF($B15="","",'ทีมขาย'!G16) | G15: =IF($B15="","",'ทีมขาย'!H16)
B16: =IF('ทีมขาย'!A17="","",'ทีมขาย'!A17) | C16: =IF($B16="","",'ทีมขาย'!D17) | D16: =IF($B16="","",'ทีมขาย'!E17) | E16: =IF($B16="","",'ทีมขาย'!F17) | F16: =IF($B16="","",'ทีมขาย'!G17) | G16: =IF($B16="","",'ทีมขาย'!H17)
... B19: =IF('ทีมขาย'!A20="","",'ทีมขาย'!A20) | C19: =IF($B19="","",'ทีมขาย'!D20) | D19: =IF($B19="","",'ทีมขาย'!E20) | E19: =IF($B19="","",'ทีมขาย'!F20) | F19: =IF($B19="","",'ทีมขาย'!G20) | G19: =IF($B19="","",'ทีมขาย'!H20)
B20: รวมทั้งทีม | C20: =SUM(C5:C19) | D20: =SUM(D5:D19) | E20: =SUM(E5:E19) | F20: =SUM(F5:F19) | G20: =SUM(G5:G19)
B23: หมายเหตุ / วิธีใช้
B24: • สรุปค่าคอมรายคน คำนวณจาก Sales_Record + ทีมขาย — ไม่ต้องกรอก
B25: • ค่าคอม = งานที่ปิดเอง (รายคน) + ส่วนแบ่งจากดีลทีม
B26: • เพิ่มคนในแท็บทีมขาย รายงานนี้จะแสดงตามเอง
B27: • ทั้งแผ่นคำนวณอัตโนมัติ ล็อกไว้ทั้งหมด · ปลดล็อก: Review ▸ Unprotect Sheet
